first_name,last_name
Iver,Tickner
Serena,Iczokvitz
Edan,McKue
Leonhard,Kyngdon
Erroll,Matthisson
Keven,Brice
Heindrick,Spitaro
Lorrin,Bundock
Rhonda,Favill
Andi,Basnall
Jany,Darben
Rainer,Dowglass
Gail,Eilhermann
Marjy,Brockie
Kirsteni,Looks
Whit,Tattoo
Miner,Wane
Horton,Dunlap
Farica,Leirmonth
Benson,Izacenko
Cleavland,McPhaden
Meta,Dyball
Benyamin,Garthland
Steffie,Blackey
Dorolisa,Pavyer
Jenna,Barnet
Raoul,Rubanenko
Zacharie,Oehm
Everard,Eveleigh
Camille,Stenhouse
Swen,Dengate
Mord,Trim
Hermon,Di Batista
Heidi,Birch
Abran,Martine
Karissa,Main
Ailsun,Assandri
Sven,Cutress
Richardo,Challiner
Sam,Lowton
Duncan,Varren
Berton,Lettley
Dani,Andover
Benoit,Cory
Vitia,Coper
Cyrus,Titherington
Lynda,Bim
Kaja,Scottesmoor
Nanci,Warmington
Nell,Desaur
Sheffie,Darbishire
Pablo,Brisson
Rebekkah,Danko
Dominick,Munning
Bren,Belt
Huntlee,Feben
Germana,Rexworthy
Morten,Keach
Claudio,Spencelayh
Bruce,Thornhill
Perle,Hansel
Tabbitha,Fauning
Winne,Willox
Dore,Cubberley
Mikel,Larcier
Harley,Le Maitre
Fidel,Burchett
Pembroke,Heifer
Dot,Conaghy
Jessamyn,Hartegan
Bear,Viscovi
Gretta,Haville
Shermie,Goly
Cash,Littlejohns
Binky,Lichfield
Farrell,MacShirie
Curcio,Clemmensen
Townie,Hulland
Jeffrey,Lendrem
Alissa,Henrys
Regan,Izzatt
Brear,Farady
Ramona,Houdhury
Marylynne,Woolfitt
Hamid,Fruser
Levy,Medlar
Travis,Swenson
Dru,McKinn
Sharon,Feares
Milly,Capelow
Modestia,Pittem
Barbabra,Hoffner
Antons,Pender
Bradly,Fordyce
Marv,Vernalls
Wallas,Camelli
Hersh,Bumfrey
Libby,MacDonnell
Kevina,Hickisson
Sile,Shawcross
Patrice,Evill
Cathy,Crusham
Rollie,Sinnock
Bar,Farady
Idette,Livick
Rory,Grundy
Barry,Abramson
Kerby,Bettles
Leonard,Humbatch
Park,Feyer
Krisha,Manklow
Dory,Kuzemka
Emmey,Braddock
Doretta,Alkin
Clio,McMahon
Joyce,Helliker
Kelcey,Blagbrough
Rea,Godbert
Pamella,Dungey
Belle,Ferrige
Thorin,Cridlin
Paloma,Freeburn
Roselle,Calafate
Fraze,Karlowicz
Edmon,Welfare
Shellie,Pennetta
Chandler,Briand
Kurt,Gratrix
Vincents,Maypole
Olwen,Buzek
Eugenius,Allso
Celina,Draisey
Terza,Humburton
Sherill,Seggie
Deeann,Killingbeck
Ranique,Comford
Murdock,Chrestien
Elianora,Rameaux
Nealson,Antonsson
Lonnard,Kerton
Thacher,Elsby
Antony,Malimoe
Maribel,Gheorghe
Finn,Hyrons
Delcina,Bruneton
Mae,Meffin
Corilla,Trevallion
Alethea,Poulett
Barbra,Meeking
Colleen,Rodriguez
Winslow,Littefair
Zebedee,McAviy
Iorgos,Lammerts
Ransom,Klosa
Dore,Winfindine
Meara,Missen
Celle,Adamo
Abbey,Macourek
Warden,Reaper
Viviene,Coldbath
Hewett,Manthroppe
Shandy,Stanier
Gavra,Ludlom
Madelin,Oake
Rosamond,Crankshaw
Philis,Wadworth
Robinet,Reignolds
Keir,Viant
Germain,Bum
Fifine,Fairbrother
Barney,Sleightholme
Milzie,Bennetts
Carmelia,Yanez
Elroy,Balling
Renaud,Roads
Courtney,Le-Good
Keefe,Dellatorre
Noland,Wimbury
Roberta,Ladbrooke
Keenan,Vernalls
Windham,Frantsev
Averill,Barford
Jonis,Beynke
Fairfax,Charnock
Lindon,Dunnaway
Codi,Rodd
Charity,Gladdin
Niko,Looney
Gordie,Driussi
Borg,Kirsch
Omero,Decruse
Kilian,Easdon
Patsy,Dahlberg
Beverley,Burhouse
Vitoria,Meiklejohn
Andrea,Vergo
Rachelle,Grishukhin
Schuyler,Turtle
Grady,Plaice
Sybilla,Kildahl
Keith,Strutton
Kippy,Leonards
Marve,Springell
Eveleen,Shannon
Michail,Mathissen
Ronna,Sabbins
Pietro,Fundell
Sonni,Gratton
Dur,Dugue
Charisse,Ottewill
Pavia,Virr
Curcio,Vequaud
Ruben,Brehaut
Celestyna,Gutcher
Georgianne,Peyto
Olav,Duplock
Kyle,Elen
Rhiamon,Pendleton
Tory,Pullin
Emelen,Molson
Hugo,Soigne
James,Wein
Von,Rabidge
Werner,Balint
Sofie,Sybry
Gail,Thorouggood
Nonie,Eastup
Heddi,Lafaye
Berti,Kezar
Mortie,Richardsson
Elbert,Bogays
Chantalle,Alsopp
Ortensia,Orrobin
Othilia,Rubel
Angelo,Kirley
Byrom,Dewer
Matthias,Lissemore
Tabor,Worsfold
Ephrayim,Townsend
Lanny,Ghioni
Otto,Bernadot
Kassia,Rosita
Nanon,Pavese
Consalve,Speerman
Tori,Bolam
Linus,McAllan
Lori,Wymer
Trisha,Birkett
Honoria,Ranyell
Addy,Lough
Jocelyn,Sallans
Daffi,Emms
Bronnie,Sabatier
Christoph,Dudleston
Yurik,Trunks
Knox,Shetliff
Jarred,Grzegorczyk
John,Seiter
Alli,Bach
Erhart,Milkins
Germaine,Horry
Torrence,Monier
Madlin,Lehenmann
Robena,Manilove
Rasia,Fley
Pepita,Paszak
Willi,Braddon
Tory,Austins
Valery,Mustarde
Augustus,Knights
Minni,Senner
Marion,Le Quesne
Heddi,Raiment
Shoshanna,Dominichelli
Phaedra,Walbridge
Moe,Cavilla
Pancho,Verma
Teriann,Kingaby
Michale,Snead
Butch,Letixier
Kincaid,Sweeny
Grace,Lissett
Dalia,Moules
Miran,Howel
Justen,Sawrey
Donal,Legister
Barny,Paxforde
Aleen,Mangeot
Abie,McSorley
Celestyn,Hursey
Any,Rasper
Alasteir,Deadman
Caddric,Welbrock
Grove,Allingham
Marmaduke,O'Sheils
Sigmund,Golly
Hobey,McKibben
Luce,Hicklingbottom
Ashley,Ashman
Marco,Bortol
Melisent,Eby
Nolana,Dell Casa
Rosemarie,Cossam
Adelaida,Kliemke
Karine,Burtenshaw
Ethelda,Stone
Riley,Cadding
Belicia,Poulsom
Celina,Hechlin
Mignon,McTrusty
Jordon,Cranston
Shelby,Peare
Westley,Angrave
Valdemar,Kliemke
Gearalt,Beche
Rhodie,Paskins
Stephani,Overbury
Seward,Flintoffe
Arnie,Pierucci
Bobine,Stringfellow
Nessy,Feldhammer
Kaila,De Domenicis
Pattie,McFetrich
Obadiah,Thewlis
Hillery,Grigoriev
Dmitri,Gosnoll
Nadiya,Ritchard
Neale,Buckston
Faydra,Odd
Flo,Sayes
Susanna,Bortolozzi
Ulric,Ashpole
Rycca,MacAne
Reuven,Doumerc
Putnam,Szach
Alford,Sailor
Reggi,Willwood
Chryste,Stallwood
Dennie,Dalla
Kellen,Slevin
Stillman,Jozaitis
Armin,Houlridge
Valle,Dagleas
Tamqrah,Cushion
Freda,Tommeo
Marleah,Purviss
Betteann,Cazereau
Annabelle,Works
Twyla,Grimsey
Lazaro,Spottswood
Myca,Manifold
Emalee,Gregolotti
Lesley,Bilby
Bartolemo,Thickett
Alberik,Dyke
Waly,Allwell
Dyanne,Cracknell
Ranice,Peaker
Betsey,Daud
Lanie,Llewelly
Gram,Evequot
Natty,Aymerich
Alasdair,Shillabeare
Carlynn,Maker
Jay,Rozenzweig
Sholom,Gallaway
Frederique,Pepperill
Dwain,Gilburt
Graeme,Littleton
Antonetta,Wharin
Swen,Sextone
Rowena,Arlett
Serge,Petts
Sky,Petrol
Rutledge,Abyss
Jazmin,Uccelli
Rosina,Bracknall
Margie,McCosh
Eva,Batchelour
Florian,Knapton
Nicole,Worsom
Frank,Stitle
Ansell,Pereira
Friederike,Hickenbottom
Aurilia,Whiterod
Sylvan,Bowshire
Park,Giddins
Evelyn,Sissland
Harlie,Hebbron
Whittaker,Gall
Mannie,Guidoni
Ruddy,Temperton
Ev,Liddiard
Myrilla,Bechley
Wayne,Barok
Delora,McGoogan
Clemens,Batisse
Doria,Russam
Nefen,MacLaverty
Robinett,Acomb
Janenna,Lendon
Halette,Wormstone
Clementina,McRitchie
Asher,Hedlestone
Ozzie,Tyce
Maribelle,Krolle
Hamil,Zoanetti
Linn,Bener
Webster,Hance
Jon,Copcott
Jamey,Gallaher
Leo,McNelis
Kally,Meus
Lemmy,Kowalik
Gibby,Deverell
Shurlock,Calbreath
Esteban,Sketch
Charlton,Corden
Hayward,Ricardet
Cami,Letterese
Daisie,Zelley
Jo ann,Bushell
Marianna,Hillett
Ulric,Sutehall
Zollie,Durran
Mabel,Jedrasik
Nerissa,Gookey
Lauralee,Widdup
Henriette,Radage
Sande,Cronchey
Lindsay,Jasik
Thorin,Land
Elke,Caze
Walsh,Ryton
Cora,Davidove
Vivi,Harlock
Chane,McKennan
Viola,Dumini
Allie,Gynne
Zia,Farndell
Delbert,Sleany
Jeno,Youle
Zed,Stillman
Francois,Antonacci
Bobby,Raiston
Christa,Huffer
Tomlin,Schild
Bartram,Habberjam
Wes,McBrearty
Georgy,Thamelt
Ellette,Orrick
Seth,Allridge
Benedicto,Hugonneau
Stefan,Boyland
Sloan,Gartan
Joaquin,Bourcq
Annice,De la Barre
Allianora,Ferreiro
El,Wilstead
Giraldo,Manwell
Indira,Penwright
Catriona,MacAskie
Neda,Monni
Emera,Curme
Saunders,Febry
Lynelle,Treppas
Nobe,Race
Terrell,Idney
Wendell,Jull
Claudia,Curlis
Roanne,Mateescu
Georas,Fehner
Beverie,Tunaclift
Rudolph,Mulcock
Grange,Scone
Jesselyn,Jahnisch
Lancelot,Mimmack
Annmaria,De Freyne
Sena,Antoniazzi
Osbourn,MacRonald
Bertrando,Leil
Lyell,Sillito
Arv,Djekic
Gill,Ardern
Lianne,Wrixon
Chick,Backhouse
Blinny,Pfeiffer
Biddy,Lillee
Cesare,Hurndall
Kleon,Riddlesden
Modestia,Wollaston
Edd,Chuck
Clem,Wheaton
Sydelle,Else
Winnie,Upcraft
Andrea,Rattenbury
Dulcinea,Hodgets
Georgeta,Joselovitch
Elbertine,Tooker
Thibaud,Alvar
Bent,Kippie
Peria,Avramovitz
Buckie,Tonbridge
Burlie,MacKinnon
Fifi,Allett
Sandra,Geroldo
Gabriel,Guinnane
Berny,Steketee
Eachelle,McCloch
Drucie,Pitkeathley
Caren,Melhuish
Meg,Bleasdille
Rosalind,De Winton
Truda,Blenkinsop
Perry,Louisot
Bjorn,Thayre
Meredith,Vinas
Rayner,Ouldred
Scotti,Bonniface
Faun,Maryon
Lee,Mancell
Esra,Nicely
Theodora,Sumner
Shelby,Berrisford
Marmaduke,Lawrie
Larina,Awin
Ardis,Ringwood
Carey,Ciabatteri
Broderick,Limeburn
Wyndham,Carden
Wye,Pflieger
Alexandrina,Soldan
Abbe,Berrick
Galina,Hawkshaw
Nevin,Harbour
Abbi,Littledike
Randa,Lindop
Samaria,Moules
Kean,McOwen
Terri-jo,McNiven
Jobi,Pavey
Valdemar,Heymann
Ceil,Jeannet
Corrie,Hardiker
Yves,Yukhin
Vinson,Lattka
Donica,Plampeyn
Bradford,O'Noland
Pincas,Dymock
Stanislas,Drohan
Dannie,Downer
Hinze,McCandless
Morganica,Trime
Lizette,Aaronsohn
Kikelia,Matteacci
Alwin,Kalinsky
Suzanne,Domel
Guilbert,Richfield
Libby,Neil
Annetta,Rosenvasser
Monty,Dryburgh
Delmar,Simmank
Corrine,Friary
Cammy,Whitticks
Maxine,Comford
Leia,Cestard
Enoch,McLugaish
Garey,Luce
Abbey,Lardier
Oliviero,Golds
Marlane,Criag
Lyndy,Rosencwaig
Linn,Bellows
Edy,Knight
Isaak,Pescud
Dar,Rochford
Christalle,Rainer
Wainwright,Ferronet
Elmore,Ronchi
Townie,Simonassi
Vail,Lethieulier
Swen,Wakeham
Hal,Nolda
Raynard,Crummay
Tasia,Vonasek
Yule,Bantham
Kahaleel,Leser
Gisella,Dumingo
Omero,Rens
Brigitte,Robez
Chick,Ivie
Pooh,Cranny
Amii,Poundsford
Jaine,Broadey
Orly,Juza
Shaw,Fortnum
Dorita,Lawerence
Benji,Hairs
Dell,Bedder
Martita,Verman
Selene,Gouley
Miltie,Bricknell
Garvey,Abbey
Stavro,Danniel
Adriano,Belfitt
Aili,Hellicar
Olivette,Lamyman
Bone,Cogzell
Derril,Calverley
Jorey,Grigoriev
Shalna,Goodier
Angelika,Ryhorovich
Connor,Monkton
Griffie,Tatam
Estele,McCrae
Bonnie,Lannen
Silvain,Simonato
Glenn,Burl
Holli,Axtens
Erv,Petry
Josepha,Martinson
Tommie,Fann
Eolande,Shoulders
Coleman,Tabourin
Jerome,Compton
Rena,Kernan
Lorilyn,Parkman
Constantina,Readshaw
Jeno,Wenden
Dody,Demare
Willyt,Kummerlowe
Jobie,Jaumet
Willey,Comport
Perkin,Honnan
Tobe,Raymond
Kevina,McCloid
Haroun,Brimilcombe
Filide,Eassom
Teador,Cheeke
Carri,Lumox
Cary,Cleife
Faustina,Rayhill
Arluene,Hubball
Reider,Klempke
Guy,Burborough
Ferguson,Rutty
Jorie,Oakenford
Arlinda,Long
Michel,Beeden
Nari,Jeckell
Mikkel,Tollfree
Sherlocke,Liggins
Vilma,Lax
Basile,Glynn
Milt,Frammingham
Ketty,Cadogan
Kirby,Derisly
Glen,Janca
Eldon,Tooby
Ulrica,Christofe
Lenette,Brashier
Rubi,Glassborow
Freddi,Doe
Gelya,Crambie
Marybeth,McKeighan
Henrieta,Seggie
Vin,Andreev
Jess,Landy
Marthena,Minguet
Lowell,Beaudry
Elihu,Hynes
Cullan,Askin
Tony,Darch
Harvey,Gostridge
Gray,Longhi
Annabal,Flaune
Jasen,Abramovic
Bryna,Buckney
Darcey,Itzhayek
Aldwin,Bellee
Vance,Sackur
Fern,Landes
Vivianna,Marco
Lucinda,Souza
Ignatius,Pack
Wolfie,Breslau
Harlene,Jesteco
Annmaria,Hanratty
Rosemaria,Romero
Karie,Baskwell
Shaun,Milne
Leesa,Chavey
Fredelia,Sheryn
Pearce,Goodburn
Vere,Hadden
Douglass,Jerche
Berny,Lydall
Orel,McGavin
Devlin,Skene
Klement,Pennazzi
Karol,Orbine
Purcell,Robbert
Lindsay,Pobjoy
Penrod,Brierton
Wernher,Espinola
Miller,Bravery
Dwayne,Stopps
Curtice,Skillitt
Correy,Ortsmann
Jonathon,Feeney
Abdel,Thornham
Izabel,Green
Roseann,Hovard
Elle,Quinby
Marti,Goutcher
Gilberto,Satterthwaite
Pearce,Lermit
Ariela,Falshaw
Gothart,Stone
Margaretta,Duell
Pat,Huckle
Manda,Lumm
Regan,Trevers
Roxanne,McPaik
Pattie,Chimes
Juliette,Remington
Kandy,Matyushonok
Gard,Kuhwald
Clerissa,Kusick
Dredi,Golder
Katuscha,Bangle
Deck,Fassmann
Carleen,Durram
Maxie,McLuckie
Sam,Goffe
Danette,Dalla
Verene,Fowkes
Damian,Gotfrey
Dorian,Vittle
Giles,Reuss
Kaycee,Ruggieri
Hershel,Gilhespy
Petra,Habeshaw
Wallis,Petrecz
Sela,Willbond
Averil,Dedrick
Wald,Aloshechkin
Roz,Banasevich
Schuyler,Diche
Tomlin,Cleever
Andrus,Cesconi
Mirabelle,MacSkeagan
Tedie,Iffland
Steward,Moller
Felisha,Story
Fonz,Relph
Ulises,Glozman
Husein,Squires
Bev,Spenley
Mendie,Losebie
Ana,Leeds
Janaye,Urridge
Sol,O'Moylane
Elka,Rooper
Julius,Jeanequin
Davy,Hailes
Jimmy,Serrels
Isidoro,Bengefield
Pamelina,Carlill
Siobhan,Tomblin
Sylas,Merriday
Radcliffe,Mathison
Joelle,Von Der Empten
Gilberte,Bucher
Jammal,Wibrow
Yul,Daskiewicz
Halie,Hammer
Brucie,Shakshaft
Godfree,Kilkenny
Angelia,Mendoza
Amelita,Debnam
Maryanne,Birchenough
Valentine,Paulot
Enoch,Rabjohns
Bondon,Antonikov
Gaby,Durnan
Didi,Skakunas
Ricardo,Gately
Alasteir,Wilkenson
Janka,Kemmis
Brittany,Odo
Northrop,Brumby
Raddy,McAlarney
Barrie,Shadbolt
Loutitia,Ebbage
Shandra,Joslow
Amye,O'Rourke
Warde,Tuffs
Caril,Sharnock
Humberto,Dosdill
Delilah,Kyncl
Darill,Capehorn
Torey,Claffey
Powell,Elkin
Burgess,Cavy
Jed,Klezmski
Cullan,Pellant
Reggie,Keyte
Chrystal,Niblock
Leonanie,Kyberd
Myranda,Winkless
Harlen,Heakey
Rob,Oake
Aloysius,Chastanet
Spencer,Ryce
Alain,Dreelan
Bret,McCrachen
Esteban,Goede
Chancey,Brenstuhl
Woodrow,Snow
Jacynth,Signore
Ellis,Skyppe
Izabel,Lesser
Mavra,Swallwell
Brynn,Pellett
Lionel,Owttrim
Adolph,Gascone
Paddie,Rasell
Bear,Pipet
Camile,Libermore
Dennison,Stobbs
Alexa,Hauger
Donnajean,Anstey
Abramo,Gammons
Flinn,Conyers
Hercule,Haddinton
Malcolm,Merriment
Torey,Dand
Kym,Spragg
Reuben,Whalebelly
Gerome,Balsillie
Cyrus,Baish
Spence,Cosham
Melisenda,Pinnell
Daniele,Ritmeier
Stu,Moland
Myranda,Perel
Tremaine,Ladewig
Torrey,Maxfield
Erl,Linneman
Zonnya,Buddle
Jacobo,Delgua
Georgeta,Drains
Pembroke,Illes
Hannie,Heinicke
Shalna,Dudbridge
Anastasie,Samples
Anny,Marousek
Colene,Ferrie
Merlina,Kniveton
Papageno,Folk
Burk,Matuszyk
Shaw,Kristufek
Karlan,Swinnard
Jonell,Gepp
Marcos,Dudman
Amelita,Brockington
Giacopo,Hunnywell
Kellen,Streatley
Gaylord,Reams
Rosalie,Crackel
Hamil,Mattinson
Aubrey,Coakley
Roda,Swayton
Rhys,Tatters
Heywood,Antonoczyk
Jacky,Winspear
Harland,Rock
Leonidas,Tibbits
Ashlin,Olden
Franciskus,Crewes
Drusy,Normanton
Anna-diana,Steely
Dyana,Oade
Chad,Lyven
Jens,Felder
Terry,Mullin
Mona,Blazdell
Shayna,Spooner
Dante,Wyley
Bjorn,McIlwraith
Winifred,Nizard
Taber,Beazley
Collette,Riba
Fayina,Winterbottom
Dena,Abells
Zeke,Mayger
Valentijn,Reavey
Victor,Coulthard
Cissy,Blondell
Shane,Yardy
Caralie,Klejna
Idette,Savine
Babette,Campion
Early,Buttler
Alley,Vallentine
Irene,Burchell
Ansel,Bresson
Simmonds,Bauman
Jermaine,Rizzone
Arluene,Capponeer
Odele,Rembaud
Dareen,Bulger
Zackariah,Rohloff
Mary,Bartolomeu
Ernestine,Apfel
Corbett,Cathesyed
Melantha,Goodread
Hulda,Arons
Guthrie,Epinay
Jasper,Summerton
Melanie,Muneely
Fallon,Boodell
Shadow,Giamo
Florina,Maddox
Tammy,Gamlin
Jedd,Upstone
Stern,Floris
Baxie,Brisard
Alli,Itzhaki
Rustie,Crack
Aldon,Tyne
Mellisent,Polo
Aline,Courtois
Ethe,Bordman
Zita,Dewett
Rolando,Roughsedge
Merrill,Chippendale
Guillaume,Orteu
Jazmin,Rebeiro
Frannie,Brayford
Donavon,Westwater
Constanta,Simyson
Ivan,Tersay
Waverly,Pedlow
Grover,Jaquin
Carmelia,Lafee
Christoforo,Caro
Jerri,Campkin
Rowan,Dixey
Blanch,Vise
Devonna,Meynell
Codi,Lissandri
Emmit,Sleney
Inez,Pittock
Carlye,Mangeon
Garik,Ireland
Benedict,Hylands
Cassius,Beagles
Michaelina,Gaddes
Hollie,Kasbye
Beltran,Berford
Trix,Grouse
Quillan,Knightsbridge
Tye,Dottridge
Ugo,Greenhall
Hersh,Cardiff
Efrem,MacGahy
Garrett,Devonside
Carmencita,Reiach
Leupold,Penhallurick
Ashley,Younge
Bond,Paroni
Janet,Rickeard
Janna,Moden
Camilla,Levings
Delphine,Wolfart
Webster,Valentino
Stacee,Samworth
Cate,Divis
Vonnie,McCulley
Kimberley,Czajka
Curran,Lazenby
Neale,Fenelow
Elsa,Goodliff
Ashlie,Dragge
Constantin,Balden
Elsie,Brinkley
Melania,Blindt
Olympie,Cuardall
Gabbey,Pic
Kingston,Chagg
Kit,Carnall
Rodrique,Rosenbloom
Almire,Elliston
Angeline,Compston
Garrard,Van den Broek
Adena,Tuohy
Newton,Bowdon
Myrwyn,Bissill
